{"train_loss": 1.2800846099853516, "_timestamp": 1721958178.7868004, "_runtime": 62.1748743057251, "_step": 77, "val_acc": 35.78431372549019, "val_loss": 1.5629602775854223, "_wandb": {"runtime": 65}}
