{"train_loss": 3.7223947048187256, "_timestamp": 1721960166.908599, "_runtime": 14.973682880401611, "_step": 15, "val_acc": 17.15686274509804, "val_loss": 1.6772324711668725, "_wandb": {"runtime": 14}}