{"train_loss": 3.6514170169830322, "_timestamp": 1721959160.1958468, "_runtime": 6.082233905792236, "_step": 5, "_wandb": {"runtime": 9}}