{"train_loss": 0.4838162064552307, "_timestamp": 1721959874.2623594, "_runtime": 48.55609631538391, "_step": 59, "val_acc": 22.058823529411764, "val_loss": 1.8471735809363572, "_wandb": {"runtime": 49}}