{"train_loss": 5.103404998779297, "_timestamp": 1721958063.478902, "_runtime": 26.26859402656555, "_step": 25, "val_acc": 40.931372549019606, "val_loss": 2.326131653551962, "_wandb": {"runtime": 26}}