{"train_loss": 1.2118167877197266, "_timestamp": 1721959328.0416956, "_runtime": 24.620065689086914, "_step": 29, "val_acc": 40.931372549019606, "val_loss": 2.326131653551962, "_wandb": {"runtime": 27}}